"","hotel","rating","page","star","ctry"
"1","Annex Copenhagen","78",1,1,1
"2","Villa Armonia Guest Rooms","81",1,1,1
"3","LÃ¸ven","76",1,1,1
"4","Danhostel Copenhagen City","77",1,1,1
"5","Rent a Room Copenhagen","75",1,1,1
"6","Hotel JÃ¸rgensen","64",1,1,1
"7","Urban House","83",1,1,1
"8","Nora","77",1,1,1
"9","Bedwood","83",1,1,1
"10","Studio RÃ¥dmandsgade","72",1,1,1
"11","Danhostel Copenhagen Amager","75",1,1,1
"12","Sleep-in Heaven","82",1,1,1
"13","Euroglobe","52",1,1,1
"14","Rent A Room Anex",NA,1,1,1
"15","Globalhagen Hostel",NA,1,1,1
"16","Wakeup Copenhagen Borgergade","81",1,2,1
"17","City Nebo","73",1,2,1
"18","Wakeup Copenhagen ","77",1,2,1
"19","Cabinn City","74",1,2,1
"20","Saga Hotel","73",1,2,1
"21","Generator Hostel Copenhagen","83",1,2,1
"22","Cabinn Metro","66",1,2,1
"23","Hotel Copenhagen","71",1,2,1
"24","Zleep Hotel Centrum","63",1,2,1
"25","Amager","73",1,2,1
"26","Hotel Windsor","71",1,2,1
"27","Comfort Vesterbro","76",1,3,1
"28","Savoy","78",1,3,1
"29","Alexandra","81",1,3,1
"30","Copenhagen Crown","71",1,3,1
"31","Cabinn Scandinavia","66",1,3,1
"32","Best Western Hebron","80",1,3,1
"33","Du Nord","76",1,3,1
"34","First Excelsior ex Comfort Excelsior","72",1,3,1
"35","Avenue","84",1,3,1
"36","Best Western Mercur","73",1,3,1
"37","Park Inn By Radisson Copenhagen Airport","73",1,3,1
"38","Danmark","69",1,3,1
"39","Ansgar","75",1,3,1
"40","Copenhagen Strand","79",1,3,1
"41","Copenhagen Star","69",1,3,1
"42","DGI- Byens","72",1,3,1
"43","Andersen","85",1,3,1
"44","CPH Living","86",1,3,1
"45","Profil Richmond","65",1,3,1
"46","Hotel Ã˜sterport","65",1,3,1
"47","Tiffany","80",1,3,1
"48","Cabinn Express","71",1,3,1
"49","Babette Guldsmeden","77",1,3,1
"50","Ibsens","78",1,3,1
"51","Axel Guldsmeden","82",1,3,1
"52","Rossini","67",2,3,1
"53","Bertrams - Hotel Guldsmeden","81",2,3,1
"54","Carlton Guldsmeden","81",2,3,1
"55","Christian IV","77",2,3,1
"56","Hotel Sankt Thomas","73",2,3,1
"57","Best Western City","79",2,3,1
"58","Maritime","71",2,3,1
"59","Viktoria","56",2,3,1
"60","Astoria","64",2,3,1
"61","Copenhagen Admiral","83",1,4,1
"62","Copenhagen Island","81",1,4,1
"63","First Copenhagen","75",1,4,1
"64","Tivoli","80",1,4,1
"65","Clarion Collection Mayfair","80",1,4,1
"66","AC Bella Sky Copenhagen","82",1,4,1
"67","Ascot","73",1,4,1
"68","Grand","68",1,4,1
"69","First Hotel G & Suites","71",1,4,1
"70","Radisson Blu Falconer Hotel & Conference Center, Copenhagen","75",1,4,1
"71","SP34","79",1,4,1
"72","Scandic Palace Copenhagen","81",1,4,1
"73","Phoenix Copenhagen","77",1,4,1
"74","Imperial","76",1,4,1
"75","The Square","76",1,4,1
"76","Adina Apartment Copenhagen","84",1,4,1
"77","Crowne Plaza Copenhagen Towers","87",1,4,1
"78","Radisson Blu Scandinavia","77",1,4,1
"79","Scandic Sydhavnen","73",1,4,1
"80","71 Nyhavn","73",1,4,1
"81","Hotel Neptun","72",1,4,1
"82","First Kong Frederik","72",1,4,1
"83","Scandic Webers","74",1,4,1
"84","Stay Copenhagen","87",1,4,1
"85","Kong Arthur","80",1,4,1
"86","Scandic Copenhagen","73",2,4,1
"87","Copenhagen Plaza","74",2,4,1
"88","First Hotel Twentyseven","74",2,4,1
"89","Absalon","80",2,4,1
"90","Front","72",2,4,1
"91","Radisson Blu Royal","83",1,5,1
"92","Marriott Copenhagen","83",1,5,1
"93","Hilton Copenhagen Airport","88",1,5,1
"94","SKT. Petri","77",1,5,1
"95","Nimb","90",1,5,1
"96","Mount Apartments","71",1,1,2
"97","United Lodge","79",1,1,2
"98","Z Shoreditch","85",1,1,2
"99","Travelodge London Hounslow","80",1,1,2
"100","Top Night","77",1,1,2
"101","Meridiana","73",1,1,2
"102","Vancouver Studios","86",1,1,2
"103","Apartments Inn London Lancaster Gate","75",1,1,2
"104","201 Upton Lane","81",1,1,2
"105","My Apartments Collingham Place","75",1,1,2
"106","Apple Apartments The Strand","84",1,1,2
"107","Balmoral House","74",1,1,2
"108","Byng Place Apartments","81",1,1,2
"109","Gower House","77",1,1,2
"110","Shandon House","81",1,1,2
"111","Flexistay Tooting","80",1,1,2
"112","Euro Queens","54",1,1,2
"113","Camden Bnb","73",1,1,2
"114","Chelsea House","66",1,1,2
"115","Bay Tree House","93",1,1,2
"116","SoHostel","80",1,1,2
"117","Charlotte","79",1,1,2
"118","Portobello Gold","80",1,1,2
"119","of London","66",1,1,2
"120","My Apartments Piccadilly Circus","77",1,1,2
"121","B + B Belgravia","80",2,1,2
"122","Motel One London-Tower Hill","86",2,1,2
"123","Travelodge London Vauxhall","86",2,1,2
"124","Saco London - Holborn","81",2,1,2
"125","London - Bethnal Green","72",2,1,2
"126","Kensington","62",2,1,2
"127","Marylebone Lodge","79",2,1,2
"128","Aspen Apartments","73",2,1,2
"129","406 Harrow","79",2,1,2
"130","Epsilon","77",2,1,2
"131","146 Suites","71",2,1,2
"132","Howard Winchester","68",2,1,2
"133","Victoria Station","59",2,1,2
"134","Hyde Park Apartments","75",2,1,2
"135","Jubilee","60",2,1,2
"136","6 Portobello Road Apartment","80",2,1,2
"137","Garden Court","71",2,1,2
"138","Stanley House","67",2,1,2
"139","Belgrave House","59",2,1,2
"140","City View Roman Road","50",2,1,2
"141","Inn London - Pimlico","72",2,1,2
"142","D&H  Fruit Guest House","84",2,1,2
"143","The Furzedown","75",2,1,2
"144","Liverpool Street","77",2,1,2
"145","Harmondsworth Hall Guest House","85",2,1,2
"146","The Antigallican","71",3,1,2
"147","Apple Apartments Hyde Park","83",3,1,2
"148","Hyde Park Executive","66",3,1,2
"149","Glenlyn Guest House","85",3,1,2
"150","London Serviced","77",3,1,2
"151","Stratford House","77",3,1,2
"152","Short Lets in London - One and a friend studios","72",3,1,2
"153","YHA London Central","84",3,1,2
"154","Saba London","73",3,1,2
"155","Royal Guest House 2","72",3,1,2
"156","Go Native Tower Bridge","77",3,1,2
"157","72QT","80",3,1,2
"158","Rotana","75",3,1,2
"159","Equity Point London","75",3,1,2
"160","Rivington","70",3,1,2
"161","The Clerk & Well ","88",3,1,2
"162","Oxford House","79",3,1,2
"163","Aga Metro London","59",3,1,2
"164","Saint James Backpackers","75",3,1,2
"165","Europa House","67",3,1,2
"166","Portobello House ex. The Earl Percy","79",3,1,2
"167","Artist Residence","88",3,1,2
"168","The Court","70",3,1,2
"169","Albion House","66",3,1,2
"170","Malt House","85",3,1,2
"171","wombat's City Hostel London","87",4,1,2
"172","Atelier EC1 by BridgeStreet","87",4,1,2
"173","Notting Hill","60",4,1,2
"174","The Central","54",4,1,2
"175","Assaha Hyde Park Apartments","62",4,1,2
"176","Fine Touch Apartments","75",4,1,2
"177","Fairways Bayswater","68",4,1,2
"178","O'Gradys Guesthouse Ilford","87",4,1,2
"179","Thames View Serviced Apartment","78",4,1,2
"180","Sapphire","66",4,1,2
"181","Hyde Park","67",4,1,2
"182","City View  - Roman Road Market","55",4,1,2
"183","Metro","73",4,1,2
"184","Hyde Park Economy","62",4,1,2
"185","Arlington House Apartments","82",4,1,2
"186","Beaufort House","91",4,1,2
"187","Abercorn House","72",4,1,2
"188","Fox And Grapes","85",4,1,2
"189","Blueprint Living Apartments No 5. Doughty Street","82",4,1,2
"190","Colvin House","77",4,1,2
"191","Travel Inn","59",4,1,2
"192","The London Carlton","75",4,1,2
"193","The Shoreditch Inn","81",4,1,2
"194","Vegas","60",4,1,2
"195","Travelodge Woolwich","78",4,1,2
"196","Londons Home Limited - Central Hoxton Shoreditch","66",5,1,2
"197","YHA London St Pancras","82",5,1,2
"198","Crystal Lodge","59",5,1,2
"199","Haven","62",5,1,2
"200","Central","70",5,1,2
"201","YHA London Earl's Court","74",5,1,2
"202","Queen Elizabeth Chelsea","79",5,1,2
"203","Park View House","75",5,1,2
"204","Yha St Pauls","77",5,1,2
"205","Comfort Inn & Suites King's Cross St Pancras","73",5,1,2
"206","Bond Street Station","70",5,1,2
"207","Crescent","80",5,1,2
"208","Marlin Apartments Empire Square, London Bridge","78",5,1,2
"209","Lawrence Road Guest House","79",5,1,2
"210","London Guest House","80",5,1,2
"211","The Kensington Studios","79",5,1,2
"212","Judd","72",5,1,2
"213","Curzon House","68",5,1,2
"214","Dylan House","58",5,1,2
"215","Pax Lodge","82",5,1,2
"216","Belgravia","69",5,1,2
"217","Library","81",5,1,2
"218","Montana","76",5,1,2
"219","Garth","60",5,1,2
"220","Albany Serviced","72",5,1,2
"221","Camelot House","51",6,1,2
"222","Safestay Holland Park","82",6,1,2
"223","Tulse Hill","88",6,1,2
"224","The Londonears ","54",6,1,2
"225","Blueprint Living - 66 Turnmill Street","84",6,1,2
"226","Belvedere","70",6,1,2
"227","The Beehive","75",6,1,2
"228","West Cromwell","65",6,1,2
"229","Beaconsfield","63",6,1,2
"230","Manson Place","81",6,1,2
"231","Acacia","63",6,1,2
"232","City Marque Tower Hill Serviced Apartments","81",6,1,2
"233","Central Station","75",6,1,2
"234","9 Hertford Street","88",6,1,2
"235","Number Sixteen","88",6,1,2
"236","Grenville","52",6,1,2
"237","Irwin Apartments At Notting Hill","74",6,1,2
"238","Adie Apartments","75",6,1,2
"239","Riverside","70",6,1,2
"240","Kings","63",6,1,2
"241","The Pride Of Paddington","76",6,1,2
"242","Hyde Park Radnor","77",6,1,2
"243","Connaught House","85",6,1,2
"244","Premier Apartments London Limehouse","85",6,1,2
"245","London Continental","57",6,1,2
"246","Smart Hyde Park View","71",7,1,2
"247","West End Serviced Apartments","79",7,1,2
"248","Smart City Apartments Cannon Street","73",7,1,2
"249","Budget Guest House","52",7,1,2
"250","Rough Luxe","77",7,1,2
"251","Globe City","79",7,1,2
"252","SACO Tower Hill - Leman Street","81",7,1,2
"253","London Eye Apartments","69",7,1,2
"254","Camden Square Apartments","66",7,1,2
"255","Euro London Wembley","57",7,1,2
"256","City Marque Lambeth North","82",7,1,2
"257","St George Wembley","87",7,1,2
"258","Regency House","77",7,1,2
"259","Aberdeen Guest House","84",7,1,2
"260","Ebury House","68",7,1,2
"261","Grosvenor Serviced","79",7,1,2
"262","Rossmore","60",7,1,2
"263","Searcys Roof Garden Rooms","85",7,1,2
"264","Central","70",7,1,2
"265","Trinity House","62",7,1,2
"266","Fraser Residence Bishopsgate ex The Writers","85",7,1,2
"267","Queens","57",7,1,2
"268","Brick Lane","79",7,1,2
"269","Paddington Apartments","64",7,1,2
"270","Newham","62",7,1,2
"271","Apple Apartments Paddington","82",8,1,2
"272","Real Dreams","75",8,1,2
"273","Gallery Hyde Park ","76",8,1,2
"274","The London Eye","63",8,1,2
"275","Albany","72",8,1,2
"276","The Tommyfield","86",8,1,2
"277","Balham Lodge","85",8,1,2
"278","Notting Hill Guest House","65",8,1,2
"279","Anwar House","67",8,1,2
"280","Park Lane City","81",8,1,2
"281","Kensington Serviced Apartments","75",8,1,2
"282","Dolphin Inn","65",8,1,2
"283","Travelodge London Battersea","73",8,1,2
"284","Banks","61",8,1,2
"285","Angerstein","77",8,1,2
"286","The Fusilier Inn","65",8,1,2
"287","The Rosebery","86",8,1,2
"288","Enrico","62",8,1,2
"289","Crown & Sceptre","82",8,1,2
"290","Colliers","55",8,1,2
"291","Riz House","66",8,1,2
"292","Swan","82",8,1,2
"293","Albert Serviced","78",8,1,2
"294","Bell Inn","81",8,1,2
"295","Dylan Kensington","54",8,1,2
"296","Windsor Holiday Apartments","74",9,1,2
"297","Holtwhites","71",9,1,2
"298","The Apartments Chelsea","81",9,1,2
"299","Grove","74",9,1,2
"300","Winrose","67",9,1,2
"301","Duke Of Fife","69",9,1,2
"302","Studios 82","77",9,1,2
"303","Kingdon Road Apartments","76",9,1,2
"304","Waterloo Serviced","76",9,1,2
"305","Belvedere Royal Victoria Docks","80",9,1,2
"306","The Duke's Head Inn","80",9,1,2
"307","Forest Gate","52",9,1,2
"308","The Victoria Inn","71",9,1,2
"309","City Studio Serviced","79",9,1,2
"310","Sophia","53",9,1,2
"311","Arran Guest House","75",9,1,2
"312","Abbey","65",9,1,2
"313","The Madonna Halley","66",9,1,2
"314","37 Collingham Place","57",9,1,2
"315","Firs Lodge","69",9,1,2
"316","Flexistay Norbury","73",9,1,2
"317","Holland Apartments","62",9,1,2
"318","Stratford","57",9,1,2
"319","The Dharma Lodge","65",9,1,2
"320","The Dictionary","78",9,1,2
"321","Prince Arthur","69",10,1,2
"322","TrustYourStay","77",10,1,2
"323","Old Friend","56",10,1,2
"324","York Ilford","73",10,1,2
"325","Brackenbury","70",10,1,2
"326","Oxbridge Apartments","74",10,1,2
"327","Chiswick Court","64",10,1,2
"328","Earls Court Gardens","48",10,1,2
"329","Parkwood at Marble Arch","78",10,1,2
"330","Saco Canary Wharf - Trinity Tower","84",10,1,2
"331","274 Suites","71",10,1,2
"332","Olympia Bed & Breakfast","84",10,1,2
"333","Revive Lodge","57",10,1,2
"334","Comfort Zone Serviced","60",10,1,2
"335","Cumberland Apartments","70",10,1,2
"336","Romano's","58",10,1,2
"337","Think Apartments Tower Bridge","77",10,1,2
"338","Fct","64",10,1,2
"339","City View Hotel - Stratford","53",10,1,2
"340","Maykenbel Mayfair House","69",10,1,2
"341","Jm House","79",10,1,2
"342","Edgware","72",10,1,2
"343","Hyde Park","61",10,1,2
"344","Northfields Hostel","55",10,1,2
"345","New Cross Inn Hostel","68",10,1,2
"346","Discovery Dock Apartments","79",11,1,2
"347","Blue Bells","66",11,1,2
"348","The Railway Tavern","84",11,1,2
"349","The Ship Inn","81",11,1,2
"350","Caspian","73",11,1,2
"351","Tottenham Guesthouse","64",11,1,2
"352","Goddis Lodge","56",11,1,2
"353","Hartley","64",11,1,2
"354","The Broadway Guest House","56",11,1,2
"355","Rooms For You","50",11,1,2
"356","St Helens Gardens by onefinestay","77",11,1,2
"357","Smart Hyde Park Inn","66",11,1,2
"358","Heathrow House","71",11,1,2
"359","The Windmill","70",11,1,2
"360","B&B Smart Luxury Flats","80",11,1,2
"361","Clarendon Discovery Dock East",NA,11,1,2
"362","Tune  - London, Canary Wharf","78",1,2,2
"363","ibis London Wembley","79",1,2,2
"364","Tune Liverpool Street","78",1,2,2
"365","Tune Paddington","80",1,2,2
"366","Whiteleaf","53",1,2,2
"367","Caring","77",1,2,2
"368","Earls Court","62",1,2,2
"369","ibis London Stratford","76",1,2,2
"370","Kensington West","67",1,2,2
"371","Excelsior","63",1,2,2
"372","Marisa","54",1,2,2
"373","Lancaster Court","56",1,2,2
"374","Holland Inn","51",1,2,2
"375","Cromwell Crown","61",1,2,2
"376","The Paramount ex Buosi","76",1,2,2
"377","New Globe","69",1,2,2
"378","ibis London City","80",1,2,2
"379","The Palace Court","55",1,2,2
"380","The Castle Bar","77",1,2,2
"381","Goodwood","57",1,2,2
"382","Chelsea Guest House","74",1,2,2
"383","Alhambra Hotel","79",1,2,2
"384","ibis London Barking","75",1,2,2
"385","The Apollo","72",1,2,2
"386","Garden View","71",1,2,2
"387","Travelodge Wembley","71",2,2,2
"388","Tony's House","62",2,2,2
"389","Travelodge London City Airport","72",2,2,2
"390","Metro House","77",2,2,2
"391","London Kings","81",2,2,2
"392","ABC Hyde Park","69",2,2,2
"393","Welby 57","67",2,2,2
"394","National","61",2,2,2
"395","Shakespeare","64",2,2,2
"396","Euro Lodge Clapham","59",2,2,2
"397","Rhodes","78",2,2,2
"398","Kensington Court Notting Hill","58",2,2,2
"399","ibis London Docklands Canary Wharf","79",2,2,2
"400","Peckham Lodge","63",2,2,2
"401","Black Lion Guesthouse","73",2,2,2
"402","Hamiltons","58",2,2,2
"403","Camden Lock","76",2,2,2
"404","Imperial County","65",2,2,2
"405","New Dawn","50",2,2,2
"406","Clink78","76",2,2,2
"407","Boston Court","55",2,2,2
"408","Boston Manor","65",2,2,2
"409","Lily","54",2,2,2
"410","ibis London Shepherds Bush","86",2,2,2
"411","Central","63",2,2,2
"412","Columbia","72",3,2,2
"413","Saint Simeon","66",3,2,2
"414","Columbus","76",3,2,2
"415","Blair Victoria & Tudor Inn","43",3,2,2
"416","St. George","69",3,2,2
"417","Lords","60",3,2,2
"418","City Inn Express","60",3,2,2
"419","Melville","70",3,2,2
"420","Best Western The Delmere","77",3,2,2
"421","Springfield","59",3,2,2
"422","Swinton","68",3,2,2
"423","Park","51",3,2,2
"424","Grove Hill","72",3,2,2
"425","Holiday Inn Express London Golders Green A406","80",3,2,2
"426","Adria","79",3,2,2
"427","Leigham Court","75",3,2,2
"428","Albro House","69",3,2,2
"429","Caswell","61",3,2,2
"430","Excel","59",3,2,2
"431","Surtees","72",3,2,2
"432","ibis budget London Barking","67",3,2,2
"433","Fitzroy","57",3,2,2
"434","Wedgewood","58",3,2,2
"435","Oliver","62",3,2,2
"436","King Solomon","55",3,2,2
"437","Viking","71",4,2,2
"438","Balkan","60",4,2,2
"439","Plaza Hammersmith","54",4,2,2
"440","Edward","67",4,2,2
"441","Heathrow Inn","64",4,2,2
"442","New Dome","61",4,2,2
"443","Westbury Kensington","67",4,2,2
"444","Cricklewood Lodge","77",4,2,2
"445","The Boat","71",4,2,2
"446","Dolphin","63",4,2,2
"447","Ashley","63",4,2,2
"448","Welby 37","74",4,2,2
"449","Travelodge London Bethnal Green","81",4,2,2
"450","Rex","62",4,2,2
"451","Primrose Guesthouse","80",4,2,2
"452","Boka","63",4,2,2
"453","Kings","56",4,2,2
"454","London Shelton","45",4,2,2
"455","Four Stars","54",4,2,2
"456","Arriva","62",4,2,2
"457","Gresham ","55",4,2,2
"458","Guilford","57",4,2,2
"459","Adare","61",4,2,2
"460","Euro Clapham","57",4,2,2
"461","Queens","58",4,2,2
"462","Pembury","66",5,2,2
"463","European","62",5,2,2
"464","Hollingbury","54",5,2,2
"465","King's Cross","58",5,2,2
"466","YHA London Thameside","70",5,2,2
"467","The Fountain","72",5,2,2
"468","Palmers Lodge Hillspring","81",5,2,2
"469","London Olympus","67",5,2,2
"470","PubLove at the Exmouth Arms","78",5,2,2
"471","Strand Continental","66",5,2,2
"472","Chiswick Lodge","57",5,2,2
"473","Sara","68",5,2,2
"474","Lodge 51","58",5,2,2
"475","Glendale Hyde Park","57",5,2,2
"476","Manor House London","71",5,2,2
"477","Majestic","54",5,2,2
"478","City Best","63",5,2,2
"479","Charlies","59",5,2,2
"480","Palmers Lodge Swiss Cottage","83",5,2,2
"481","Elmwood","59",5,2,2
"482","Earls Court Studios","80",5,2,2
"483","Park Ilford","64",5,2,2
"484","The Wembley","62",5,2,2
"485","Tune Kings Cross","78",5,2,2
"486","The Brompton","62",5,2,2
"487","Somerset","58",6,2,2
"488","Journeys King's Cross","67",6,2,2
"489","Restup London","67",6,2,2
"490","The Seymour","59",6,2,2
"491","TOP Kensington Gardens","79",6,2,2
"492","Marble Arch Inn","65",6,2,2
"493","Grange Lodge","79",6,2,2
"494","Prince William","63",6,2,2
"495","Avon","65",6,2,2
"496","Hyde Park Court","55",6,2,2
"497","Regency Court","49",6,2,2
"498","Cranbrook","66",6,2,2
"499","Lonsdale Lodge","62",6,2,2
"500","Five Kings","64",6,2,2
"501","Canary Heights","77",1,3,2
"502","Hyde Park Quality Apartment","71",1,3,2
"503","The Z  Piccadilly","85",1,3,2
"504","Queens Hotel","76",1,3,2
"505","Holiday Inn Express London - Vauxhall Nine Elms","74",1,3,2
"506","Euro","81",1,3,2
"507","Studios2Let Cartwright Gardens","78",1,3,2
"508","ibis London Excel Docklands","79",1,3,2
"509","Hyde Park Suites","63",1,3,2
"510","Tune London Westminster","75",1,3,2
"511","London City Hotel","81",1,3,2
"512","Alexandra","61",1,3,2
"513","ibis London Earls Court","75",1,3,2
"514","Quality London-Wembley","70",1,3,2
"515","Holiday Inn London-West","79",1,3,2
"516","The Gardens","92",1,3,2
"517","Hanover","66",1,3,2
"518","Pembridge Palace","59",1,3,2
"519","RCA The Paddington","67",1,3,2
"520","ibis Styles London Leyton","67",1,3,2
"521","City Continental Kensington","71",1,3,2
"522","Sheriff","69",1,3,2
"523","1 Lexham Gardens","60",1,3,2
"524","Central Park","59",1,3,2
"525","The California","76",1,3,2
"526","Comfort Inn Hyde Park","74",2,3,2
"527","ibis London Euston St Pancras","80",2,3,2
"528","Best Western Palm","77",2,3,2
"529","Lord Jim","66",2,3,2
"530","Z Victoria","82",2,3,2
"531","West Ham United","78",2,3,2
"532","Lonsdale","47",2,3,2
"533","Grove Guest House","92",2,3,2
"534","Holiday Inn Express London Earls Court","80",2,3,2
"535","Arosfa","87",2,3,2
"536","ibis London Blackfriars","85",2,3,2
"537","Luna and Simone","87",2,3,2
"538","Staycity Aparthotels Greenwich Deptford Bridge Station","85",2,3,2
"539","Cardiff","71",2,3,2
"540","Pasha","62",2,3,2
"541","Prince Regent","79",2,3,2
"542","Accommodation London Bridge","81",2,3,2
"543","Travelodge London Stratford","80",2,3,2
"544","Bayswater Inn","59",2,3,2
"545","Queensway","67",2,3,2
"546","Hyde Park Boutique","79",2,3,2
"547","Holiday Inn Express London - Excel","80",2,3,2
"548","Star","85",2,3,2
"549","Comfort Inn Buckingham Palace Road","75",2,3,2
"550","Best Western Premier Shaftesbury London Kensington","79",2,3,2
"551","Ilford Apartments","84",3,3,2
"552","Ruskin ","76",3,3,2
"553","Norfolk Plaza","63",3,3,2
"554","Qbic London City","87",3,3,2
"555","Travelodge London Docklands","76",3,3,2
"556","The Clarendon","76",3,3,2
"557","Grantly","72",3,3,2
"558","Westpoint","65",3,3,2
"559","The Green Man","62",3,3,2
"560","Days Waterloo","78",3,3,2
"561","Imperial Royal National","59",3,3,2
"562","ibis Styles London Excel","74",3,3,2
"563","New Market House","68",3,3,2
"564","Holiday Inn Express London Wimbledon South","75",3,3,2
"565","Thistle Bloomsbury Park","76",3,3,2
"566","Ventures","47",3,3,2
"567","ibis London Greenwich","79",3,3,2
"568","Comfotel GRN","61",3,3,2
"569","Dillons","76",3,3,2
"570","Days Inn London Hyde Park","74",3,3,2
"571","Kings Cross","66",3,3,2
"572","Queens Park","61",3,3,2
"573","Comfort Inn London Westminster","65",3,3,2
"574","The Gateway","80",3,3,2
"575","Comfort  Finchley","75",3,3,2
"576","Presidential Apartments - Marylebone  Oxford St","81",4,3,2
"577","Holiday Inn London-Oxford Circus","73",4,3,2
"578","Abbey Court - Hyde Park","67",4,3,2
"579","My Place","62",4,3,2
"580","Thistle City Barbican","68",4,3,2
"581","London Stay - London Bridge","70",4,3,2
"582","The Ascot Hyde Park","50",4,3,2
"583","Best Western London Highbury","77",4,3,2
"584","Imperial Tavistock","66",4,3,2
"585","Holiday Inn Express London Park Royal","82",4,3,2
"586","Lancaster Gate","75",4,3,2
"587","Studios2Let - North Gower Street","77",4,3,2
"588","Norfolk Towers Paddington","71",4,3,2
"589","Unique","78",4,3,2
"590","Park Avenue Baker Street","73",4,3,2
"591","Best Western Phoenix","77",4,3,2
"592","Holiday Inn Express London City","77",4,3,2
"593","Holiday Inn Express London Royal Docks","75",4,3,2
"594","Elysee","71",4,3,2
"595","St Giles Central London","72",4,3,2
"596","The Alexander Pope","83",4,3,2
"597","Britannia Inn","70",4,3,2
"598","MB London","73",4,3,2
"599","Henley House","81",4,3,2
"600","Hotel 65","62",4,3,2
"601","Grand","68",5,3,2
"602","The Z Soho","81",5,3,2
"603","Central Park","63",5,3,2
"604","Royal Hyde Park","68",5,3,2
"605","Premier Inn London Leicester Square","85",5,3,2
"606","Kensington Rooms","61",5,3,2
"607","The Americana","68",5,3,2
"608","The Gresham","63",5,3,2
"609","Eurotraveller Express","71",5,3,2
"610","Oxford","55",5,3,2
"611","Imperial - Russell Square","71",5,3,2
"612","Innkeepers Lodge Beckenham","80",5,3,2
"613","La Reserve","65",5,3,2
"614","The Darlington Hyde Park","85",5,3,2
"615","Staycity Aparthotels Greenwich High Road","86",5,3,2
"616","Imperial President","69",5,3,2
"617","198 Suites","75",5,3,2
"618","London Lodge Hotel","79",5,3,2
"619","Kensington Court ","71",5,3,2
"620","London Central Kings Cross Royal Scot","68",5,3,2
"621","Holiday Inn London-Brent Cross","77",5,3,2
"622","Stylotel","75",5,3,2
"623","Best Western Burns Kensington","74",5,3,2
"624","Plaza London","63",5,3,2
"625","St Mark","65",5,3,2
"626","Best Western Corona","71",6,3,2
"627","Travelodge London Excel","76",6,3,2
"628","Staybridge Suites London - Vauxhall","92",6,3,2
"629","The Sanctuary House","86",6,3,2
"630","Days Inn Westminster","80",6,3,2
"631","Golden Strand","70",6,3,2
"632","The Bridge Greenford","81",6,3,2
"633","Travelodge London Farringdon","59",6,3,2
"634","Best Western Swiss Cottage","76",6,3,2
"635","Ambassadors","61",6,3,2
"636","Chelsea Cloisters","65",6,3,2
"637","Holiday Inn Express London Greenwich A102 M","80",6,3,2
"638","Citadines Barbican","79",6,3,2
"639","The Royal Foundation of St Katharine","87",6,3,2
"640","Kingsway Park","61",6,3,2
"641","Olympia","56",6,3,2
"642","Hotel 43","69",6,3,2
"643","London Elizabeth","75",6,3,2
"644","Dockside","79",6,3,2
"645","Belle Russell Square ex Welcome Inn","59",6,3,2
"646","Russell Court","74",6,3,2
"647","Royal Eagle","63",6,3,2
"648","Kensington Suite","57",6,3,2
"649","Best Western The Cromwell","74",6,3,2
"650","Holiday Inn Express London Southwark","77",6,3,2
"651","Hotel 261","64",7,3,2
"652","Castletown House","85",7,3,2
"653","The W14 Kensington","76",7,3,2
"654","Kingsland","79",7,3,2
"655","The Barn","78",7,3,2
"656","The Regency","77",7,3,2
"657","Knaresborough Serviced Apartments","73",7,3,2
"658","Rose Court Marble Arch","58",7,3,2
"659","Comfort Inn Victoria","68",7,3,2
"660","So Paddington","54",7,3,2
"661","The Coronation","71",7,3,2
"662","The Windmill","73",7,3,2
"663","City","75",7,3,2
"664","Ramada London North M1","79",7,3,2
"665","Avni Kensington","69",7,3,2
"666","The Craven","62",7,3,2
"667","SO Kings Cross","69",7,3,2
"668","Boundary","87",7,3,2
"669","Haverstock Hotel","75",7,3,2
"670","Holiday Inn Express London Stratford","79",7,3,2
"671","Best Western Bromley Court","77",7,3,2
"672","Tudor Court","69",7,3,2
"673","Hallam","56",7,3,2
"674","Imperial Bedford","75",7,3,2
"675","The Wellington","78",7,3,2
"676","Astor Court","73",8,3,2
"677","Holiday Inn Express London  Limehouse","79",8,3,2
"678","Holiday Inn Express London Chingford-North Circular","80",8,3,2
"679","Mk London","81",8,3,2
"680","Capricorn Oliver Plaza","72",8,3,2
"681","Abbey Point","72",8,3,2
"682","Beaver","70",8,3,2
"683","The Hyde Park","67",8,3,2
"684","Holiday Inn Express London Victoria","72",8,3,2
"685","Quality Hampstead","77",8,3,2
"686","Amsterdam","78",8,3,2
"687","Belgrave","77",8,3,2
"688","ibis Styles London Southwark Rose","79",8,3,2
"689","Britannia Hampstead","59",8,3,2
"690","Huttons","65",8,3,2
"691","Eurotraveller Premier Tower Bridge","74",8,3,2
"692","Comfotel Blu","65",8,3,2
"693","Best Western Chiswick Palace & Suites","77",8,3,2
"694","Diplomat","74",8,3,2
"695","27 Paddington ","73",8,3,2
"696","Berjaya Eden Park London Hotel - United Kingdom","65",8,3,2
"697","The Fox & Goose","81",8,3,2
"698","Hotel 82 London","71",8,3,2
"699","Ivy House","82",8,3,2
"700","St Georgio ","74",8,3,2
"701","Lord Kensington","69",9,3,2
"702","The Jade","77",9,3,2
"703","The Windmill","89",9,3,2
"704","St Georges Inn Victoria","64",9,3,2
"705","The Stag","66",9,3,2
"706","Holiday Inn Express London Swiss Cottage","83",9,3,2
"707","Athena","68",9,3,2
"708","Airways Victoria","66",9,3,2
"709","Express By Holiday Inn London  Newbury Park","79",9,3,2
"710","Troy","74",9,3,2
"711","Royal London","70",9,3,2
"712","Arbor Hyde Park","81",9,3,2
"713","The Mad Hatter","83",9,3,2
"714","Holland Court","56",9,3,2
"715","The Zetter Townhouse","88",9,3,2
"716","The Villa Kensington","77",9,3,2
"717","Travelodge Tower Bridge","78",9,3,2
"718","Clapham Guest House","76",9,3,2
"719","Melita House","71",9,3,2
"720","291 Suites","70",9,3,2
"721","Anthea Makedonia","71",9,3,2
"722","Pearl  London","72",9,3,2
"723","Comfort Inn Edgware Road W2","70",9,3,2
"724","Holiday Villa","66",9,3,2
"725","Nayland","67",9,3,2
"726","The Enterprise","68",10,3,2
"727","Pavilion","58",10,3,2
"728","'The Rose Park","64",10,3,2
"729","Royal Cambridge","61",10,3,2
"730","Dog And Fox","86",10,3,2
"731","Ramada London South Ruislip","80",10,3,2
"732","St Georges Victoria","65",10,3,2
"733","Leigh House","68",10,3,2
"734","Queens Drive","58",10,3,2
"735","Hampton by Hilton London Waterloo","89",10,3,2
"736","Heatherbank Guest House","85",10,3,2
"737","News Islington Inn ex Tommy Miah's Raj","63",10,3,2
"738","Brook ","81",10,3,2
"739","Travelodge Borehamwood","81",10,3,2
"740","Holland Park Grove","65",10,3,2
"741","Avonmore","76",10,3,2
"742","Corner House","68",10,3,2
"743","Mitre House","70",10,3,2
"744","The Fielding","84",10,3,2
"745","The Station","85",10,3,2
"746","Generator London","80",10,3,2
"747","Park View","66",10,3,2
"748","Gloucester","64",10,3,2
"749","The Ridgeway","68",10,3,2
"750","Acton Town","64",10,3,2
"751","Admiral","60",11,3,2
"752","Holland Park","66",11,3,2
"753","Mehfil London Heathrow","74",11,3,2
"754","Euston Square","69",11,3,2
"755","Staunton","80",11,3,2
"756","Osterley Park","59",11,3,2
"757","Mermaid Suite","69",11,3,2
"758","London Premier Kensington","61",11,3,2
"759","London House","81",11,3,2
"760","St Joseph","56",11,3,2
"761","Holiday Inn Express London Hammersmith","81",11,3,2
"762","Pacific","59",11,3,2
"763","Macy's","70",11,3,2
"764","Glorydale Inn","64",11,3,2
"765","Reem","68",11,3,2
"766","The Byron","73",11,3,2
"767","Victor","70",11,3,2
"768","Eden Plaza Kensington","69",11,3,2
"769","Casuarina Tree","68",11,3,2
"770","Essex Inn ","51",11,3,2
"771","George","74",11,3,2
"772","Citadines Prestige South Kensington London","82",11,3,2
"773","The Cheshire EX The Country Inn & Suites by Carlson","59",11,3,2
"774","A To Z","54",11,3,2
"775","The New Inn","84",11,3,2
"776","The Bridge Hotel","74",12,3,2
"777","Avni at Courtfield","64",12,3,2
"778","Bridge Park","64",12,3,2
"779","Brunel Hotel","64",12,3,2
"780","Chumleigh Lodge","66",12,3,2
"781","Oak Lodge","75",12,3,2
"782","Forest View","72",12,3,2
"783","Churchill Apartments","76",12,3,2
"784","Myhotel Bloomsbury","79",1,4,2
"785","Sunborn Yacht","90",1,4,2
"786","The Langorf","78",1,4,2
"787","Hilton London Kensington","76",1,4,2
"788","Clayton Crown","81",1,4,2
"789","SO Park","79",1,4,2
"790","Aloft London Excel","87",1,4,2
"791","Holiday Inn London-Kings Cross Bloomsbury","73",1,4,2
"792","H10 London Waterloo","84",1,4,2
"793","Hilton London Syon Park","84",1,4,2
"794","DoubleTree by Hilton London - West End","80",1,4,2
"795","London Marriott Kensington","82",1,4,2
"796","Novotel London Tower Bridge","83",1,4,2
"797","SO Quartier","64",1,4,2
"798","Radisson Blu Edwardian Grafton Hotel","81",1,4,2
"799","Park Plaza Riverbank London","80",1,4,2
"800","Commodore","70",1,4,2
"801","Park Grand London Paddington","76",1,4,2
"802","Hilton London Paddington","81",1,4,2
"803","Doubletree by Hilton London Ealing","82",1,4,2
"804","Malmaison London","84",1,4,2
"805","Duke of Leinster","69",1,4,2
"806","Thistle Trafalgar Square - The Royal Trafalgar","83",1,4,2
"807","DoubleTree by Hilton Tower of London","88",1,4,2
"808","Hendon Hall","84",1,4,2
"809","London Marriott Twickenham","86",2,4,2
"810","Shepherds Bush Boutique","82",2,4,2
"811","The Cavendish London","87",2,4,2
"812","Mercure London Bloomsbury","80",2,4,2
"813","Eccleston Square","85",2,4,2
"814","The Cleveland","80",2,4,2
"815","The Cumberland","77",2,4,2
"816","Thistle Kensington Gardens","79",2,4,2
"817","Church Street","86",2,4,2
"818","Marriott Maida Vale","79",2,4,2
"819","The Marylebone","87",2,4,2
"820","The Grand at Trafalgar Square","82",2,4,2
"821","Hilton London Green Park","74",2,4,2
"822","Quality Crown Hyde Park","69",2,4,2
"823","Thewesley","79",2,4,2
"824","Henry VIII","68",2,4,2
"825","Go Native Earl's Court","78",2,4,2
"826","Apex Temple Court","91",2,4,2
"827","Marlin Apartments Canary Wharf","79",2,4,2
"828","Radisson Blu Portman Hotel, London","78",2,4,2
"829","Marriott London Marble Arch","81",2,4,2
"830","Best Western The Boltons","79",2,4,2
"831","Presidential Apartments - Kensington","81",2,4,2
"832","Strand Palace Hotel","80",2,4,2
"833","Novotel London Excel","83",2,4,2
"834","Novotel London Wembley","90",3,4,2
"835","Radisson Blu Edwardian Berkshire Hotel","80",3,4,2
"836","Club Quarters Gracechurch","82",3,4,2
"837","DoubleTree by Hilton London Islington","85",3,4,2
"838","Novotel London City South","82",3,4,2
"839","DoubleTree by Hilton London Hyde Park","83",3,4,2
"840","The Kensington Close","73",3,4,2
"841","Nottingham Place","75",3,4,2
"842","Novotel London West","78",3,4,2
"843","Pullman London St Pancras","88",3,4,2
"844","K West","81",3,4,2
"845","Myhotel Chelsea","80",3,4,2
"846","Russell","79",3,4,2
"847","Park Plaza Sherlock Holmes London","79",3,4,2
"848","Novotel London Paddington","85",3,4,2
"849","Canary Wharf Luxury Riverside Apartments","74",3,4,2
"850","Fifty Four Boutique ","82",3,4,2
"851","Hilton London Hyde Park","74",3,4,2
"852","Millennium London Knightsbridge","74",3,4,2
"853","Dawson House","77",3,4,2
"854","Crowne Plaza  London Docklands","83",3,4,2
"855","Amba Charing Cross","91",3,4,2
"856","Holiday Inn London Kensington Forum","76",3,4,2
"857","The Belgrave","87",3,4,2
"858","Xanadu","86",3,4,2
"859","citizenM London Bankside","89",4,4,2
"860","Collingham Serviced Apartments","88",4,4,2
"861","Lancaster London","82",4,4,2
"862","DoubleTree by Hilton Hotel London - Victoria","82",4,4,2
"863","The Westbridge","87",4,4,2
"864","Marriott London Regents Park","81",4,4,2
"865","The Rookery","89",4,4,2
"866","Radisson Blu Edwardian Sussex Hotel","77",4,4,2
"867","Club Quarters - Lincoln's Inn Fields","89",4,4,2
"868","The Nadler Kensington","87",4,4,2
"869","Cranley ","85",4,4,2
"870","Hilton London Canary Wharf","89",4,4,2
"871","Hotel Indigo London Paddington","87",4,4,2
"872","Crowne Plaza London Heathrow","81",4,4,2
"873","Marriott London Grosvenor Square","80",4,4,2
"874","Best Western MaÃ®trise","69",4,4,2
"875","Apex City of London","89",4,4,2
"876","Hilton London Euston","72",4,4,2
"877","AMBA Hotel Marble Arch","79",4,4,2
"878","The Re London Shoreditch","76",4,4,2
"879","The Hoxton Holborn","88",4,4,2
"880","The Rembrandt","84",4,4,2
"881","St James' Court A Taj Hotel","86",4,4,2
"882","Montagu Place","87",4,4,2
"883","DoubleTree by Hilton London Heathrow Airport","83",4,4,2
"884","The Bloomsbury","88",5,4,2
"885","Shaftesbury Hyde Park International","76",5,4,2
"886","Thistle Euston","78",5,4,2
"887","DoubleTree London Docklands Riverside","76",5,4,2
"888","Pestana Chelsea Bridge","87",5,4,2
"889","The Washington Mayfair","76",5,4,2
"890","196 Bishopsgate","85",5,4,2
"891","DoubleTree by Hilton London - Marble Arch","81",5,4,2
"892","Novotel London Greenwich","83",5,4,2
"893","The Whitechapel","79",5,4,2
"894","London Bridge","75",5,4,2
"895","Citadines St Mark's","82",5,4,2
"896","The Grosvenor","83",5,4,2
"897","Hilton London Wembley","88",5,4,2
"898","Hilton London Tower Bridge","88",5,4,2
"899","Park Avenue Belgravia","75",5,4,2
"900","Holiday Inn Camden Lock","86",5,4,2
"901","The Caesar","78",5,4,2
"902","The Colonnade","81",5,4,2
"903","The Tower","79",5,4,2
"904","Club Quarters Trafalgar Square","82",5,4,2
"905","Comfort Inn King's Cross","71",5,4,2
"906","London Bridge","86",5,4,2
"907","The Nadler Soho","93",5,4,2
"908","Holiday Inn London - Wembley","79",5,4,2
"909","Novotel London Blackfriars","88",6,4,2
"910","Radisson Blu Edwardian Mercer Street Hotel","85",6,4,2
"911","Knightsbridge Green","55",6,4,2
"912","Radisson Blu Edwardian Vanderbilt Hotel","77",6,4,2
"913","The Pelham","87",6,4,2
"914","Best Western Seraphine Kensington Olympia","78",6,4,2
"915","Club Quarters St Paul's","84",6,4,2
"916","Goodenough Club","82",6,4,2
"917","Mercure London Bridge","80",6,4,2
"918","Radisson Blu Edwardian Kenilworth Hotel","78",6,4,2
"919","Opulence Central London","50",6,4,2
"920","Sloane Square","80",6,4,2
"921","Chamberlain","81",6,4,2
"922","Rubens at the Palace","87",6,4,2
"923","The Gore","85",6,4,2
"924","Millennium & Copthorne At Chelsea Football Club","79",6,4,2
"925","Doubletree By Hilton London - Chelsea","83",6,4,2
"926","The Montague on the Gardens","93",6,4,2
"927","Corus Hotel Hyde Park","72",6,4,2
"928","Danubius Regents Park","79",6,4,2
"929","Clayton Chiswick ","82",6,4,2
"930","The Mandeville","82",6,4,2
"931","Ambassadors Bloomsbury","76",6,4,2
"932","44 Curzon Street by Mansley Serviced Apartments","86",6,4,2
"933","Laura Ashley The Manor","86",6,4,2
"934","Apple Apartments Kensington","83",7,4,2
"935","St. Ermins Autograph Collection","88",7,4,2
"936","Park Plaza Westminster Bridge London","88",7,4,2
"937","Park Plaza County Hall London","86",7,4,2
"938","The Royal Park","86",7,4,2
"939","Paddington Court Executive Rooms","73",7,4,2
"940","Grand Royale London Hyde Park","72",7,4,2
"941","Best Western Shaftesbury Paddington Court","74",7,4,2
"942","Crowne Plaza London - Kensington","87",7,4,2
"943","Radisson Blu Edwardian Bloomsbury Street Hotel","83",7,4,2
"944","Holiday Inn London Regent's Park","79",7,4,2
"945","The Lodge","80",7,4,2
"946","Shaftesbury Premier London Paddington","71",7,4,2
"947","The Rockwell","83",7,4,2
"948","Best Western Seraphine Kensington Gardens","75",7,4,2
"949","Crowne Plaza London - Ealing","80",7,4,2
"950","Ashburn","85",7,4,2
"951","The Harrington Ex Avni Apartments","79",7,4,2
"952","Holiday Inn London - Stratford City","87",7,4,2
"953","Copthorne Tara London Kensington","74",7,4,2
"954","Radisson Blu Edwardian New Providence Wharf Hotel","89",7,4,2
"955","The Bermondsey Square","81",7,4,2
"956","Thistle Hyde Park","77",7,4,2
"957","Hilton London Metropole","75",7,4,2
"958","The Abbey Court Notting Hill","79",7,4,2
"959","Novotel London Waterloo","81",8,4,2
"960","Chesterfield Mayfair","93",8,4,2
"961","Dolphin House","82",8,4,2
"962","39 Studios","70",8,4,2
"963","Hilton London Angel Islington","85",8,4,2
"964","Citadines Prestige Trafalgar Square London","83",8,4,2
"965","NH London Kensington","81",8,4,2
"966","Rathbone","82",8,4,2
"967","Devonport House","82",8,4,2
"968","Go Native Monument","87",8,4,2
"969","Villa Fitzrovial","81",8,4,2
"970","The Levin","92",8,4,2
"971","Belgravia Mews","48",8,4,2
"972","La Suite West","75",8,4,2
"973","Hazlitts","88",8,4,2
"974","The Hide London","88",8,4,2
"975","Best Western Plus Seraphine Hammersmith","78",8,4,2
"976","Citadines London Holborn-Covent Garden","80",8,4,2
"977","Mint Hotel Westminster","86",8,4,2
"978","Hotel Indigo London-Tower Hill","90",8,4,2
"979","Chiswick Rooms","75",8,4,2
"980","Shaftesbury Suites London Marble Arch","71",8,4,2
"981","Marlin London Aldgate, Tower Bridge","79",8,4,2
"982","Rydges Kensington Plaza","78",8,4,2
"983","Kensington House","76",8,4,2
"984","Best Western Mornington","79",9,4,2
"985","Grand Plaza Serviced Apartments","77",9,4,2
"986","Millennium Gloucester London Kensington","79",9,4,2
"987","Park Plaza Victoria London","83",9,4,2
"988","Grange Clarendon","80",9,4,2
"989","So Arch","74",9,4,2
"990","The Georgian House","77",9,4,2
"991","Millennium Bailey's London Kensington","84",9,4,2
"992","The Academy","78",9,4,2
"993","The Old Ship Inn Hackney","77",9,4,2
"994","The Sumner","88",9,4,2
"995","Holiday Inn Brentford Lock","83",9,4,2
"996","Apple House Guesthouse Wembley","81",9,4,2
"997","The Hoxton","88",9,4,2
"998","Finsbury","84",9,4,2
"999","Best Western Shaftesbury Premier","79",9,4,2
"1000","The London Edition","90",9,4,2
"1001","The Trafalgar London","83",9,4,2
"1002","City Marque Clerkenwell Serviced Apartments","79",9,4,2
"1003","Hilton London Olympia","73",9,4,2
"1004","10 Manchester Street","85",9,4,2
"1005","The Zetter","87",9,4,2
"1006","Durrants","80",9,4,2
"1007","Mercure London Greenwich","86",9,4,2
"1008","Shaftesbury Metropolis London Hyde Park","70",9,4,2
"1009","Ham Yard","91",10,4,2
"1010","The Exhibitionist","79",10,4,2
"1011","Innkeeper's Lodge London Greenwich","81",10,4,2
"1012","K+K George","88",10,4,2
"1013","Cheval Harrington Court at South Kensington","83",10,4,2
"1014","Tophams Belgravia","59",10,4,2
"1015","The Queen's Gate ","80",10,4,2
"1016","MeliÃ¡ White House","82",10,4,2
"1017","Hotel 55","82",10,4,2
"1018","Thistle The Kingsley","86",10,4,2
"1019","Kingsway Hall","83",10,4,2
"1020","Dorsett Shepherds Bush","86",10,4,2
"1021","London Apartments Shoreditch","80",10,4,2
"1022","The Bull and The Hide","83",10,4,2
"1023","W12 Rooms","83",10,4,2
"1024","The Kensington","88",10,4,2
"1025","Park Grand London Hyde Park","74",10,4,2
"1026","Greenland Villa","70",10,4,2
"1027","Grange Fitzrovia","76",10,4,2
"1028","Xenia","87",10,4,2
"1029","La Place","73",10,4,2
"1030","Park Grand London Lancaster Gate ex. Hyde Park Premier London Paddington by Shaftesbury","80",10,4,2
"1031","Mercure London Kensington","72",10,4,2
"1032","SH Executive Rooms by Shaftesbury","67",10,4,2
"1033","The Victoria","85",10,4,2
"1034","York Albany","77",11,4,2
"1035","Park Lane Mews","70",11,4,2
"1036","Millennium London Mayfair","77",11,4,2
"1037","Blakemore Hyde Park","79",11,4,2
"1038","Fraser Place Canary Wharf","82",11,4,2
"1039","Talgarth","76",11,4,2
"1040","Ascott Mayfair London","79",11,4,2
"1041","Domus Selecta Elegant The Gainsborough","64",11,4,2
"1042","City Marque Knightsbridge Serviced Apartments","78",11,4,2
"1043","St Paul's","88",11,4,2
"1044","Crowne Plaza London Battersea","85",11,4,2
"1045","every hotel Piccadilly","83",11,4,2
"1046","The Pillar","81",11,4,2
"1047","Grange Buckingham ","81",11,4,2
"1048","Shaftesbury London Premier Notting Hill","71",11,4,2
"1049","The Beaufort","86",11,4,2
"1050","Marlin Apartments Queen Street","74",11,4,2
"1051","Belgraves- A Thompson Hotel","88",11,4,2
"1052","Apex London Wall","89",11,4,2
"1053","Sydney House Chelsea","87",11,4,2
"1054","Marlin Apartments Limehouse (City Docklands)","79",11,4,2
"1055","Saint Georges","74",11,4,2
"1056","SO Sienna","69",11,4,2
"1057","The Leonard","81",11,4,2
"1058","Mercure London Paddington","74",11,4,2
"1059","Grange Beauchamp","82",12,4,2
"1060","The Royal Chace","79",12,4,2
"1061","Park International","80",12,4,2
"1062","Best Western Maitrise Suites","80",12,4,2
"1063","Think Bermondsey Street","79",12,4,2
"1064","Ramada London Docklands","79",12,4,2
"1065","William IV","67",12,4,2
"1066","Dorset Square","83",12,4,2
"1067","Holiday Inn London-Elstree","76",12,4,2
"1068","Marlin Apartments Stratford (Olympic Park)","71",12,4,2
"1069","Astors","71",12,4,2
"1070","Holiday Inn London - Commercial Road","85",12,4,2
"1071","Holiday Inn London-Bloomsbury","79",12,4,2
"1072","City Marque Spitalfields Serviced Apartments","84",12,4,2
"1073","Simply Rooms & Suites","79",12,4,2
"1074","Rez Apartments","80",12,4,2
"1075","Crowne Plaza London - The City","85",12,4,2
"1076","Smart City Apartments Covent Garden","80",12,4,2
"1077","Meininger London Hyde Park","77",12,4,2
"1078","Holiday Inn London Mayfair","80",12,4,2
"1079","Portland","80",12,4,2
"1080","Urban Villa","88",12,4,2
"1081","Avo","81",12,4,2
"1082","Hotel Indigo London Kensington - Earls Court","85",12,4,2
"1083","Smart City Spitalfields","76",12,4,2
"1084","Goodwood","70",13,4,2
"1085","Twenty Nevern Square","80",13,4,2
"1086","Britannia International","67",13,4,2
"1087","Regency","78",13,4,2
"1088","St Christopher's Inns Shepherd's Bush","80",13,4,2
"1089","Flemings Mayfair","85",13,4,2
"1090","Megaro","83",13,4,2
"1091","Fraser Residence City","82",13,4,2
"1092","Leicester House ","83",13,4,2
"1093","Staybridge Suites London - Stratford City","90",13,4,2
"1094","The Wimbledon","70",13,4,2
"1095","Ascot Apartments - Canary Wharf","72",13,4,2
"1096","Go Native Stratford East","84",13,4,2
"1097","Paddington Court Suites","75",13,4,2
"1098","Fraser Suites Queens Gate","82",13,4,2
"1099","Harmony Living Serviced Apartments",NA,13,4,2
"1100","Onefinestay - Pimlico Apartments",NA,13,4,2
"1101","Manor Park House",NA,13,4,2
"1102","Go Native West End St Martin's Court",NA,13,4,2
"1103","Onefinestay - Fulham",NA,13,4,2
"1104","The Park City Grand Plaza Kensington",NA,13,4,2
"1105","The Montcalm at the Brewery London City","88",1,5,2
"1106","Threadneedles, Autograph Collection by Marriott","89",1,5,2
"1107","Hyatt Regency London - The Churchill","87",1,5,2
"1108","Adria Boutique","88",1,5,2
"1109","The Westbury Mayfair","78",1,5,2
"1110","Mondrian London","90",1,5,2
"1111","South Place Hotel","94",1,5,2
"1112","The Park Tower Knightsbridge","83",1,5,2
"1113","M By Montcalm Shoreditch London Tech City","86",1,5,2
"1114","St Pancras Renaissance London","85",1,5,2
"1115","Four Seasons London at Park Lane","93",1,5,2
"1116","Mandarin Oriental Hyde Park","88",1,5,2
"1117","W London Leicester Square","82",1,5,2
"1118","The Ritz London","90",1,5,2
"1119","Four Seasons Canary Wharf","89",1,5,2
"1120","Ace Hotel London Shoreditch ","84",1,5,2
"1121","Andaz Liverpool Street","89",1,5,2
"1122","The Waldorf Hilton","78",1,5,2
"1123","The Dorchester","88",1,5,2
"1124","St James's Hotel and Club","88",1,5,2
"1125","Cheval Phoenix House","91",1,5,2
"1126","Courthouse","76",1,5,2
"1127","Me London","89",1,5,2
"1128","Blakes London","80",1,5,2
"1129","Sanderson","88",1,5,2
"1130","The May Fair","83",2,5,2
"1131","Jumeirah Lowndes","86",2,5,2
"1132","The Marble Arch by Montcalm","76",2,5,2
"1133","Grange Holborn","81",2,5,2
"1134","Royal Garden","87",2,5,2
"1135","The Draycott","87",2,5,2
"1136","The Stafford London","89",2,5,2
"1137","Radisson Blu Edwardian Hampshire ","82",2,5,2
"1138","Sanctum Soho","79",2,5,2
"1139","Sheraton Park Lane London","66",2,5,2
"1140","The Montcalm","90",2,5,2
"1141","Grange Tower Bridge","88",2,5,2
"1142","JW Marriott Grosvenor House","83",2,5,2
"1143","The Portobello","84",2,5,2
"1144","Intercontinental London Park Lane","88",2,5,2
"1145","Shangri-La London at The Shard","91",2,5,2
"1146","St Martins Lane","89",2,5,2
"1147","The Langham London","90",2,5,2
"1148","San Domenico House","87",2,5,2
"1149","Great Northern","88",2,5,2
"1150","Cheval Gloucester Park","91",2,5,2
"1151","Le Meridien Piccadilly","76",2,5,2
"1152","The Royal Horseguards","89",2,5,2
"1153","The Arch London","93",2,5,2
"1154","45 Park Lane","87",2,5,2
"1155","Sofitel London St James","91",3,5,2
"1156","Chelsea Harbour","90",3,5,2
"1157","Hilton on Park Lane London","81",3,5,2
"1158","Covent Garden","95",3,5,2
"1159","Cheval Knightsbridge","90",3,5,2
"1160","The Lord Milner","81",3,5,2
"1161","Knightsbridge","90",3,5,2
"1162","Baglioni Hotel London","89",3,5,2
"1163","Egerton House","95",3,5,2
"1164","The Ampersand","86",3,5,2
"1165","Town Hall","89",3,5,2
"1166","41","96",3,5,2
"1167","Fairmont The Savoy","91",3,5,2
"1168","Plaza on the River, London","87",3,5,2
"1169","London Marriott West India Quay","89",3,5,2
"1170","No.11 Cadogan Gardens","81",3,5,2
"1171","London Marriott Park Lane","87",3,5,2
"1172","Jumeirah Carlton Tower","86",3,5,2
"1173","The Beaumont","90",3,5,2
"1174","The Metropolitan by Como","86",3,5,2
"1175","Grange St Paul's","85",3,5,2
"1176","Marriott County Hall","84",3,5,2
"1177","Cheval Thorney Court","86",3,5,2
"1178","Bulgari & Residences London","92",3,5,2
"1179","51 Buckingham Gate Taj Suites and Residences","95",3,5,2
"1180","Connaught","90",4,5,2
"1181","The Capital","87",4,5,2
"1182","Batty Langleys","86",4,5,2
"1183","Grosvenor House Apartments by Jumeirah Living","85",4,5,2
"1184","The Goring","93",4,5,2
"1185","Rocco Forte Brown's","89",4,5,2
"1186","The Berkeley","87",4,5,2
"1187","Conrad London St.James","91",4,5,2
"1188","Charlotte Street","91",4,5,2
"1189","Corinthia London","96",4,5,2
"1190","Dukes","89",4,5,2
"1191","The Soho","96",4,5,2
"1192","The Landmark London","88",4,5,2
"1193","The Halkin by Como","94",4,5,2
"1194","Rafayel on the Left Bank","84",4,5,2
"1195","Cheval Three Quays at the Tower of London","95",4,5,2
"1196","Haymarket","95",4,5,2
"1197","The Wellesley","90",4,5,2
"1198","Rosewood London","94",4,5,2
"1199","The Bentley London","85",4,5,2
"1200","Claridge's","90",4,5,2
"1201","London City Suites","88",4,5,2
"1202","One Aldwych","90",4,5,2
"1203","CafÃ© Royal","91",4,5,2
"1204","Grand Residences by Marriott - Mayfair-London","88",4,5,2
"1205","The Milestone","93",5,5,2
"1206","The Lanesborough","90",5,5,2
"1207","Intercontinental London - The O2",NA,5,5,2
"1208","The Laslett",NA,5,5,2
